text,sentiment,language
આ દાવા સુો [ya] પાછી લેવી.,neutral,gu
હું આજે [ghano] છિંતિત છું મારો report [ni] છિંતા છે.,fear,gu
હું હારી ગાયી આને બેબાસ છું.,sad,gu
માને [ghano] દુખ આને નિરાસા છે.,sad,gu
મારો આરોગ્ય [sudharyo] છે આને માને આનંદ છે.,happy,gu
આ બિમારી ના લાક્ષન મા બુખાર આને ખાંસી છે.,neutral,gu
આ online સેવા સુભાહ નાવ વાગે થી [sharu] થાય છે.,neutral,gu
માને test result સારો નાહી આવે તો માને ભય લાગાય છે.,fear,gu
ડોક્તર ના પ્રયાસો થી માને ફાયદો થાયો.,happy,gu
ડોક્તર [saheb] ના ઉપછાર થી મન શાંતિ થાયો.,happy,gu
માને [ghano] અંસંતોસા આને ક્રોધ છે.,angry,gu
ડોક્તર ને [kahyu] કે રોગ ગંભિર છે માને દરાયો થાયો.,fear,gu
માને [ghano] દર લાગાય છે મારો result report ના.,fear,gu
મારો જીવન આખિર [tak] દુખ છે.,sad,gu
માને આજે હોસ્પિતલ મા blood test [karavo] પદ્યો.,neutral,gu
માને ઘનું સંતોશ છે.,happy,gu
મારો check up નું result સારું છે.,neutral,gu
માને [ghano] ત્રાસ લાગાય છે.,fear,gu
માને online ડોક્તર ના જવાબ થી [ghano] દરો લાગ્યો.,fear,gu
હું આજ બિલ્કુલ થાકેલી આને દુખી છું.,sad,gu
માને [ghano] ભય લાગાય છે મારો operation થાય [tevi] સાખ્યતા છે.,fear,gu
હું બિલ્કુલ થાકેલી છું.,sad,gu
હું આજે બિલ્કુલ સ્વાસથા છું.,happy,gu
માને સાહી વક્ત [e] સેવા મદ્વી.,happy,gu
હું આજે [ghano] ગાભ્રાયો આને વ્યાકુલ આને દરો આને છિંતિત છું.,fear,gu
આ online portal [par] ડોક્તર ને report મોકલી [sakay] છે.,neutral,gu
આ સેવા બિલ્કુલ [bekar] છે.,angry,gu
આજે મારો report બિલ્કુલ normal આવ્યો.,happy,gu
માને [ghano] [gusse] આને અંસંતોસા છે.,angry,gu
આજે મારો દરદ બિલ્કુલ ઓછી થાયો.,happy,gu
પરિવાર સ્વાસથા છે આને માને સુખ છે.,happy,gu
હું આજે [ghano] નારાજ છું.,angry,gu
મારો રોગ થીક [thashe] કે નાહી તે [ni] છિંતા છે.,sad,gu
માને આજે હોસ્પિતલ [javi] ને દાવા લાિ આવ્યો.,neutral,gu
માને [ghano] ઘામ આને દુખ છે.,sad,gu
મારો જીવન મા ઘનું કાસ્ત આને નિરાસા છે.,sad,gu
માને નાવી ઉમેદ થાયી છે.,happy,gu
મારો દિલ [todayelu] છે માને દુખ છે.,sad,gu
આ online સેવા બિલ્કુલ કામ નાથી કરી.,angry,gu
હું [ghano] ભય આને દરો આને થરથરયો છું.,fear,gu
મારો test report normal છે.,neutral,gu
મારો દિલ [ghano] ઘામ થી ભરાયેલું લાગાય છે.,sad,gu
માને [ghani] મુસ્કેલી આને દરદ છે.,sad,gu
મારો સ્વાસથ્ય બિલ્કુલ થીક છે.,happy,gu
આ સેવા થી માને બિલ્કુલ મદદ નાથી થી માને [gusse] આવ્યો.,angry,gu
માને [ghano] ક્રોધ આવે છે આ નિર્દયી સેવા થી.,angry,gu
માને [ghani] વેદના આને પીદા થાય છે [koi] સહાય નાથી.,sad,gu
મારો જીવન [ni] છિંતા આને ખત્રો માને દરાવે આને ગાભરા્યો છે.,fear,gu
આ સેવા બિલ્કુલ [nalaik] છે.,angry,gu
મારો સાપનો તુત્યો [gaya] આને હું દુખી છું.,sad,gu
માને [ghani] વેદના આને પીદા છે.,sad,gu
હું ડોક્તર ના નિર્દેશ પ્રમાને ખાધ્યું આને પાની લું છું.,neutral,gu
મારો operation [ni] તાિયારી ચાલ છે.,neutral,gu
આ સેવા થી માને બિલ્કુલ ફાયદો નાથી થાયો માને [gusse] આવ્યો.,angry,gu
હું ખુબ થાકેલી આને દુખી છું.,sad,gu
મારો સ્વાસથ્ય ગંભિર છે માને દરો લાગાય છે.,fear,gu
આ અંન્યાય માને ક્રોધ [apave] છે.,angry,gu
માને ડોક્તર ને [bijo] test કર્વા [kahyu] છે.,neutral,gu
હું [ghano] વ્યાકુલ આને ગાભ્રાયો આને છિંતિત છું.,fear,gu
હું આજ ખુબ ઉદાસ આને નિરાસ છું.,sad,gu
માને [ghano] સંકાત આને ખત્રો નું દર લાગાય છે મારો જીવન થી.,fear,gu
આ portal બિલ્કુલ કામ નાથી કરતો.,angry,gu
મારો દરદ ઓછી થાયો માને આનંદ છે.,happy,gu
માને [ghano] સંકાત આને ખત્રો આને મુસિબત નું દર લાગાય છે.,fear,gu
હું આજે [ghano] [gusse] મા છું.,angry,gu
માને [ghani] વેદના આને કાસ્ત છે.,sad,gu
માને [ghano] દરદ છે.,sad,gu
હું [ghano] ભય આને ત્રાસ આને દહ્સાત આને દરો આને થરથરયો છું.,fear,gu
હું આજે [ghano] દુખી આને નિરાસ છું.,sad,gu
મારો જીવન મા ઘનું દુખ આને નિરાસા છે.,sad,gu
પરિવાર સાથે આનંદ મા છે.,happy,gu
માને [ghano] સંકાત મા છું આને [koi] મદદ નાથી.,fear,gu
માને [ghano] ક્રોધ આવે છે આ ગલાત વા્યવહાર આને [dhokha] થી.,angry,gu
માને [ghano] દરો લાગાય છે બધું ખરાબ થાય છે તે નું.,fear,gu
હું આજે [ghano] [asahay] આને નિરાસ છું.,sad,gu
માને [ghani] તકલીફો આને દરદ છે.,sad,gu
ડોક્તર ના instruction પ્રમાને રોજ exercise [karu] છું.,neutral,gu
આજે report સારો આવ્યો.,happy,gu
મારો સાપનો તુત્યો ગાયો.,sad,gu
હું [ghano] નારાજ આને [gusse] [mein] છું.,angry,gu
આજે મારો પરિવાર [shu] આને સુખી છે.,happy,gu
મારો આગાલો test report કાલ આવસે.,neutral,gu
માને દાવા [khava] માતે [kahyu] છે.,neutral,gu
ડોક્તર ને મારો રોગ નાથી [samjyo] માને [ghano] ક્રોધ આવ્યો.,angry,gu
દાવા સારી છે આને હું જાલ્દી થીક છું.,happy,gu
હું આજે [ghano] ભય આને દરો છું.,fear,gu
આ નિર્દયી વા્યવહાર માને ક્રોધ [apave] છે.,angry,gu
આ online portal [ghano] ખરાબ આને [bekar] છે માને ક્રોધ આવે છે.,angry,gu
મારો રોગ ના કારને [ghano] કાસ્ત થાય છે.,sad,gu
આ બેવકુફ પં માને ક્રોધ [apave] છે.,angry,gu
હું આજે [ghano] નારાજ આને ક્રોધી છું.,angry,gu
માને [ghano] દરો લાગાય છે મારો રોગ ગંભિર છે.,fear,gu
આ ગલાત આને નિર્દયી આને બેવકુફ પં માને ક્રોધ [apave] છે.,angry,gu
માને આ બિમારી થી ખુબ દુખ થાય છે.,sad,gu
હું આજે [ghano] ક્રોધી આને આસાંત છું.,angry,gu
મારો test result [aavane] [vale] છે માને [ghano] દરો લાગાય છે.,fear,gu
હું રોજ ડોક્તર ના સુજાવ પ્રમાને diet આને exercise [karu] છું.,neutral,gu
મારો પરિવાર મા દુખ છે.,sad,gu
મારો report ડોક્તર ને મોકલે પદ્સે result જો્યા પાછી.,neutral,gu
માને ડોક્તર ને મિલ્વા આગાલતા [somvar] છે.,neutral,gu
આ દાવા રાત્રે ખાલી પેત નાથી લેવી.,neutral,gu
હું આજે [ghano] ક્રોધ આને [gusse] મા છું.,angry,gu
હું આજે [ghano] દરો આને વ્યાકુલ છું.,fear,gu
હું [ghano] છિંતિત આને દરો છું.,fear,gu
માને ડોક્તર ના સુજાવ થી [ghano] ફાયદો થાયો.,happy,gu
મારો test કાલ થાય છે તે માતે ready છું.,neutral,gu
હું ખુબ નિરાસ આને ઉદાસ છું.,sad,gu
માને [ghano] છિંતા આને ભય લાગાય છે મારો રોગ ગંભિર થાય તે [ni].,fear,gu
આ ઉપછાર બિલ્કુલ સાહી છે.,happy,gu
માને [samachar] સારો મદ્યો.,happy,gu
આજે મારો દરદ નાથી આને માને આનંદ છે.,happy,gu
આજે મારો result બિલ્કુલ સારો આવ્યો.,happy,gu
ડોક્તર ના મદદ થી મારો રોગ ગાયો.,happy,gu
મારો check up સારો આવ્યો છે.,neutral,gu
આ દાવા ગલાત છે માને [ghano] [gusse] આવ્યો.,angry,gu
ડોક્તર ના જવાબ થી માને તાસાલી થી.,happy,gu
મારો દિલ આનંદ થી ભર્યો છે.,happy,gu
હું આજે [ghano] [asahay] છું.,sad,gu
ડોક્તર ને માને [achuk] test [karava] [kahyu].,neutral,gu
આ ગલાત કામ આને [dhokha] થી હું [ghano] ક્રોધ મા છું.,angry,gu
મારો તકલીફ નું [nivaran] થાયો છે.,happy,gu
માને ડોક્તર ને મિલ્વા નાથી મદ્તું.,sad,gu
હું આજે [ghano] [gusse] આને નારાજ મા છું.,angry,gu
માને [ghano] કાસ્ત આને ઘામ થાય છે.,sad,gu
માને [ghano] ભય લાગાય છે મારો જીવન [ni] છિંતા છે.,fear,gu
ડોક્તર ના લાપરવાહી થી માને ક્રોધ આને [gusse] આવ્યો.,angry,gu
મારો જીવન ગંભિર સંકાત મા છે માને દહ્સાત લાગાય છે.,fear,gu
આજે મારો દરદ બિલ્કુલ નાથી.,happy,gu
માને આ સેવા ને કારને જીવન સારું લાગાય છે.,happy,gu
મારો રોગ ઉપછાર [agla] ચાર મહિના ચાલ [se].,neutral,gu
માને આજે check up [karavi] આને report [mali].,neutral,gu
માને [ghano] દુખ છે.,sad,gu
હું [ghano] [gusse] મા છું.,angry,gu
માને [ghano] દર આને ભય આને ત્રાસ લાગાય છે.,fear,gu
online ઉપછાર થી [ghano] ફાયદો થાયો.,happy,gu
હું આજે [ghano] ગાભ્રાયો આને વ્યાકુલ આને દરો આને છિંતિત આને થરથરયો છું.,fear,gu
માને [ghano] અંસંતોસા આને [gusse] આવે છે.,angry,gu
હું આને મારો પરિવાર ખુસી મા છે.,happy,gu
આ દાવા [roj] રાત્રે લેવી આને [sakaro] આરામ કરો.,neutral,gu
આ દાવા [khadhya] પાછી થોદી વાર આરામ કરો.,neutral,gu
આ online portal [par] મારો medical record છે.,neutral,gu
આ દાવા refrig [erater] મા [rakhvi].,neutral,gu
માને [ghano] નિરાસા છે.,sad,gu
જીવન મા આનંદ ખુબ છે.,happy,gu
આ online સેવા ઘનું સારી છે.,happy,gu
માને [ghano] છિંતા આને દર આને ભય લાગાય છે.,fear,gu
આ ગલાત વા્યવહાર આને ધોખો માને ક્રોધ [apave] છે.,angry,gu
આજે મારો તાનાવ બિલ્કુલ ઓછી થાયો છે.,happy,gu
માને [ghano] [gusse] આવે છે આ ગલાત વા્યવહાર થી.,angry,gu
report સારો આવ્યો માને [ghani] ખુસી છે.,happy,gu
આ દાવા બિલ્કુલ ગલાત છે માને [ghano] નારાજ કરે છે.,angry,gu
માને [ghano] અંસંતોસા છે આ હોસ્પિતલ ના વા્યવહાર થી.,angry,gu
મારો જીવન મા આનંદ આવ્યો છે.,happy,gu
મારો પરિવાર મા [ghano] કાસ્ત આને દુખ છે.,sad,gu
મારો check up આને blood test normal છે.,neutral,gu
આજે માને [aanandno] અનુભવ છે.,happy,gu
માને મારો રોગ ગંભિર થાય છે તે [ni] [ghani] છિંતા છે.,fear,gu
ડોક્તર ના ગંભિર જવાબ થી માને ભય આને દહ્સાત લાગી.,fear,gu
મારો રોગ ના લાક્ષન [vdhare] થાયા છે.,sad,gu
આ રોગ ના લાક્ષન છે મહિના થી છે.,neutral,gu
માને સુખ આને શાંતિ છે.,happy,gu
હું હારી આને [asahay] છું.,sad,gu
હું નિરાસ આને ઉદાસ છું.,sad,gu
માને online સેવા થી [koi] મદદ નાથી થી.,sad,gu
માને [koi] મદદ નાથી [madti] આને માને ક્રોધ આવે છે.,angry,gu
આ ગલાત [kam] માને ક્રોધ [apave] છે.,angry,gu
ડોક્તર ને મારો weight આને blood pressure check [karya].,neutral,gu
આજે મારો રોગ ગાયો લાગાય છે.,happy,gu
મારો દિલ આનંદ થી [nacho] છે.,happy,gu
મારો રોગ ના કારને [ghani] મુસ્કેલી આને દુખ છે.,sad,gu
મારો જીવન મા ઘનું અંધારું છે.,sad,gu
ડોક્તર ના લાપરવાહી આને ગલાત ઉપછાર થી માને ક્રોધ આવ્યો.,angry,gu
મારો ભાવિષ્ય આને જીવન [ni] છિંતા છે.,fear,gu
મારો test કાલ ડોક્તર ને report મોકલાવો પદ્સે.,neutral,gu
આ દાવા માને વાગદે <function j at 0x000001AC201436A0> નાથી.,angry,gu
મારો જીવન [ni] છિંતા માને દરાવે છે.,fear,gu
મારો જીવન મા ઘનું દુખ આને પીદા છે.,sad,gu
આ ઉપછાર બિલ્કુલ ગલાત છે.,angry,gu
માને [ghano] ભય લાગાય છે આ મુસિબત થી.,fear,gu
આ સેવા મા ડોક્તર સાથે video call કરી [shakay] છે.,neutral,gu
મારો operation [ni] તાિયારી પુરી થાયી છે.,neutral,gu
હું દિન મા ઘનું પાની આને juice [pu] છું.,neutral,gu
માને ખુબ સારો [feel] થાય છે.,happy,gu
માને [ghano] ક્રોધ આને નારાજ આવે છે.,angry,gu
આજે હું મારો પરિવાર સાથે ખુસી મા છું.,happy,gu
માને [ghano] દરદ આને કાસ્ત થાય છે.,sad,gu
મારો જીવન મા દુખ આને પીદા છે.,sad,gu
મારો સાપનો તુત્યો [gaya] છે.,sad,gu
આ ધોખો આને અંન્યાય થી માને ક્રોધ આવ્યો.,angry,gu
માને આ સેવા ઘનું ઉત્તમ આને ઉપકારાક લાગે છે.,happy,gu
માને [ghani] રાહત થાયી.,happy,gu
માને [ghano] ભય છે આ બિમારી થી.,fear,gu
આ e-consult સેવા ઘનું ઉપકારાક છે.,happy,gu
મારો પરિવાર મા [ghano] દુખ આને ઘામ છે.,sad,gu
માને આ સેવા ખરી મદદ કરી છે.,happy,gu
માને આ સેવા ઘનું પસંદ છે.,happy,gu
મારો પરિવાર મા [ghano] સંતાપ આને દુખ છે.,sad,gu
ડોક્તર ના ઉપછાર થી [koi] ફાયદો નાથી થાયો.,angry,gu
માને આ portal ને કારને ડોક્તર [milya].,happy,gu
હું [ghano] [gusse] મા આને આસાંત છું.,angry,gu
આજે ઘનું સારું લાગે છે.,happy,gu
માને [ghano] દર લાગાય છે મારો પરિવાર [ni] છિંતા છે.,fear,gu
મારો test report normal આને થીક છે.,neutral,gu
મારો જીવન મા દુખ છે.,sad,gu
હું [ghano] [gusse] આને ક્રોધ મા છું.,angry,gu
online સેવા ઘનું [sukhe] મદાવ મેલ્વી.,happy,gu
માને આ સેવા ને કારને [ghano] ફાયદો થાયો.,happy,gu
માને હોસ્પિતલ નિયમ પ્રમાને test [karavanu] છે.,neutral,gu
ડોક્તર ને ઘનું ધાન્યાવાદ.,happy,gu
મારો જીવન મા ઘનું દુખ આને કાસ્ત છે.,sad,gu
આ દાવા [khava] પહેલા ખાધ્યું લેવો.,neutral,gu
મારો જીવન [ni] આને પરિવાર [ni] છિંતા માને ગાભરા્યો છે.,fear,gu
માને [ghano] સંકાત આને મુસિબત આને ખત્રો આને આઘાત નું દર લાગાય છે.,fear,gu
માને [ghano] અંસંતોસા આને નારાજ આવે છે.,angry,gu
હું હારી આને નિરાસ છું.,sad,gu
માને [ghano] ક્રોધ આવે છે આ નિર્દયી વા્યવહાર થી.,angry,gu
માને [ghano] ક્રોધ આને [gusse] આવે છે.,angry,gu
મારો પરિવાર મા [ghano] કાસ્ત આને નિરાસા છે.,sad,gu
મારો રોગ સારો થાયો છે.,happy,gu
હું [ghano] [gusse] આને ક્રોધી છું.,angry,gu
મારો સંકાત આને મુસિબત [ni] છિંતા માને વ્યાકુલ કરે છે.,fear,gu
માને આજે online appointment લેવી આને ડોક્તર સાથે વાત કરી.,neutral,gu
માને [ghano] ઘામ આને પીદા છે.,sad,gu
માને આજે ડોક્તર ને online મિલ્વું છે.,neutral,gu
મારો રોગ report આવે આને તે ગંભિર હોય તે નું દર છે.,fear,gu
online સેવા ને કારને ઘર બેથા ઉપછાર મદ્યો.,happy,gu
મારો ભાવિષ્ય આને જીવન આને પરિવાર [ni] છિંતા માને દરાવે છે.,fear,gu
E-consult થી ઘનું ફાયદો થાયો.,happy,gu
માને [ghano] છિંતા આને ભય આને દર આને ત્રાસ લાગાય છે.,fear,gu
મારો રોગ [ghano] ગંભિર છે.,sad,gu
માને ડોક્તર થી [ghani] મદદ થી છે.,happy,gu
મારો આરોગ્ય [sudhri] રહ્યો છે માને આનંદ છે.,happy,gu
હું [ghano] નારાજ આને ક્રોધી છું.,angry,gu
હું ખુબ થાકેલી આને નિરાસ છું.,sad,gu
મારો રોગ ખત્રો [nak] લાગાય છે માને ભય લાગાય છે.,fear,gu
હું [ghano] આસાંત આને ક્રોધી છું.,angry,gu
માને [ghano] ઘામ છે.,sad,gu
મારો test result [aavata] <function j at 0x000001AC201436A0> ડોક્તર ને જાનાવનું છે.,neutral,gu
હું આજે [ghano] ગાભ્રાયો આને છિંતિત આને દરો છું.,fear,gu
માને આ online સેવા ઘનું ઉત્તમ લાગે છે.,happy,gu
માને આજે blood test [karavu] પદ્સે.,neutral,gu
હું બિલ્કુલ થીક આને સ્વાસથા છું.,happy,gu
ડોક્તર ને મારો લાક્ષન આને report જો્યા આને ઉપછાર [shuru] કર્યો.,neutral,gu
માને ડોક્તર ને [biji] વાર મિલ્વા [kahyu] છે.,neutral,gu
હું આજે [ghano] ક્રોધી છું.,angry,gu
પરિવાર સાથે મિલ્વા થી ખુબ આનંદ થાયો.,happy,gu
આ દાવા [khadhya] પાછી લેવી.,neutral,gu
આજે હું બિલ્કુલ ખુશ આને સ્વાસથા છું.,happy,gu
માને આ અંન્યાય થી [ghano] ક્રોધ આવે છે.,angry,gu
માને [ghani] વેદના આને તકલીફ થાય છે.,sad,gu
હું આજે ખુબ હાલ્કું અનુભવ [karu] છું.,happy,gu
માને [ghano] ક્રોધ આને [gusse] આવે છે આ [dhokha] થી.,angry,gu
માને [ghano] ભય આને છિંતા આને દરો લાગાય છે.,fear,gu
આ દાવા દિન મા એક વાર લેવી.,neutral,gu
Online સેવા થી ઘર બેથા સારો ઉપછાર મદ્યો.,happy,gu
માને [ghano] ઘામ આને નિરાસા છે.,sad,gu
માને [ghano] ક્રોધ છે.,angry,gu
માને દાવા [khadhya] પાછી થોદી [rahat] લાગે છે.,neutral,gu
માને [ghano] [gusse] આવ્યો છે ડોક્તર ને.,angry,gu
મારો operation થાય તે નું હું [ghano] દરો છું.,fear,gu
હું [ghano] ક્રોધી આને [gusse] મા છું.,angry,gu
માને [ghano] ક્રોધ આવે છે આ [dhokha] આને અંન્યાય થી.,angry,gu
મારો રોગ ના લાક્ષન વધુ છે માને [ghano] ભય આને છિંતા લાગાય છે.,fear,gu
હું આજ ખુબ ઉદાસ આને થાકેલી છું.,sad,gu
હું આજે [ghano] બેબાસ આને [asahay] છું.,sad,gu
માને ખુબ [aanandmay] અનુભવ થાયો છે.,happy,gu
હું ડોક્તર ના સુજાવ પ્રમાને પાની વધુ [pu] છું.,neutral,gu
હું આજે [ghano] દુખી આને બેબાસ છું.,sad,gu
ડોક્તર ને મારો report જો્યા આને દાવા આપ્યા.,neutral,gu
આ ગલાત કામ આને બેવકુફ પં માને નારાજ કરે છે.,angry,gu
હું [ghano] ક્રોધી આને નારાજ આને આસાંત છું.,angry,gu
આ બેવકુફ વા્યવહાર માને ક્રોધ આને [gusse] [apave] છે.,angry,gu
માને [ghano] [gusse] આવ્યો છે ડોક્તર ના ગલાત ઉપછાર થી.,angry,gu
મારો મન શાંતિ આને આનંદ મા છે.,happy,gu
હું આજ બિલ્કુલ ઉદાસ આને નિરાસ છું.,sad,gu
માને ખુબ સારી અનુભવ આવી.,happy,gu
માને [ghani] તકલીફો આને વેદના છે.,sad,gu
હું બિલ્કુલ થાકેલી આને હારી ગાયી છું.,sad,gu
માને આજે હોસ્પિતલ મા check up આને blood test થાયા.,neutral,gu
માને [ghano] અંસંતોસા આને ક્રોધ છે આ [bekar] સેવા થી.,angry,gu
આ online portal [par] મારો સ્વાસથ્ય record સાચો વાવાલ છે.,neutral,gu
હું આજે [ghano] દુખી છું.,sad,gu
આ બિમારી ના ઉપછાર માતે તિન થી ચાર મહિના લાગસે.,neutral,gu
માને [ghano] દુખ આને વેદના છે.,sad,gu
મારો સાપનો તુત્યો ગાયો આને હું નિરાસ છું.,sad,gu
આ ગલાત [kam] થી માને [ghano] [gusse] આવ્યો.,angry,gu
મારો blood report કાલ ડોક્તર ને મોકલે પદ્સે.,neutral,gu
માને રોજ [sakare] દાવા લેવી પદે છે.,neutral,gu
હું ખુબ સુખી છે.,happy,gu
હું માને સારી સેવા [madhi] છે માતે આબહાર છું.,happy,gu
મારો blood test સારો આવ્યો છે.,neutral,gu
મારો સ્વાસથ્ય [sudhri] [rahyu] છે.,happy,gu
માને result સારો મદ્યો છે હું ખુશ છું.,happy,gu
માને આગાલાગ test આને report નું result ડોક્તર ને આપ્વું પદ્સે.,neutral,gu
સેવા માતે ડોક્તર ને ખુબ આબહાર છે.,happy,gu
મારો જીવન મા ઘનું અંધારું આને કાસ્ત છે.,sad,gu
આ online portal [par] appointment લેવી આને report મોકલી [sakay].,neutral,gu
માને [ghano] દરદ આને વેદના છે.,sad,gu
મારો જીવન મા ઘનું કાસ્ત આને ઘામ છે.,sad,gu
માને [ghano] ક્રોધ આવે છે આ ગલાત કામ થી.,angry,gu
હું આજ બિલ્કુલ થાકેલી છું [koi] મદદ નાથી.,sad,gu
હું આજ ખુબ દુખી આને નિરાસ છું.,sad,gu
હું બિલ્કુલ નિરાસ આને થાકેલી છું.,sad,gu
મારો blood pressure આને sugar normal range મા છે.,neutral,gu
મારો સંકાત મા [hovu] નું દર માને ગાભરા્યો છે.,fear,gu
મારો ભાવિષ્ય આને સંકાત [ni] છિંતા માને દરાવે છે.,fear,gu
દાવા થી દરદ ઓછી થાયો છે.,happy,gu
હું આજે [ghano] થરથરયો આને દરો છું.,fear,gu
મારો ભાવિષ્ય આને જીવન [ni] છિંતા માને દરાવે આને થરથરો છે.,fear,gu
આ દાવા બિલ્કુલ કામ નાથી [karti] માને [ghano] અંસંતોસા આને [gusse] છે.,angry,gu
હું આજે [ghano] [asahay] આને બેબાસ છું.,sad,gu
મારો test result કાલ આવસે આને ડોક્તર ને જાનાવસે.,neutral,gu
માને આજે online ડોક્તર ને મિલ્યો આને report [moklyo].,neutral,gu
મારો પરિવાર સ્વાસથા આને સુખી છે.,happy,gu
માને આજ [ghano] આનંદ થી નિછિંત છું.,happy,gu
મારો test result કાલ આવે છે.,neutral,gu
આ બિમારી માતે test [karavi] ને result લેવા પદ્સે.,neutral,gu
લાક્ષન ઓછી થાયા છે.,happy,gu
ડોક્તર ને માને વધુ આરામ આને સુો [va] [kahyu].,neutral,gu
માને આંસુ આવે છે.,sad,gu
મારો જીવન મા ઘનું દુખ આને અંધારું છે.,sad,gu
હું બિલ્કુલ થાકેલી આને નિરાસ છું.,sad,gu
હું [ghano] સુખી છું.,happy,gu
મારો જીવન આને પરિવાર [ni] છિંતા આને સંકાત માને વ્યાકુલ આને દરો કરે છે.,fear,gu
મારો દિલ [todayelu] આને દુખી લાગાય છે.,sad,gu
મારો દિલ [todayo] છે.,sad,gu
માને [ghani] વેદના છે.,sad,gu
ડોક્તર ને માને [dhyan] નાથી [aapyu] માને ક્રોધ આવ્યો.,angry,gu
આ ધોખો આને ગલાત વા્યવહાર માને ક્રોધ [apave] છે.,angry,gu
ઘર બેથા ડોક્તર સાથે વાત કરી સકાયો.,happy,gu
ડોક્તર ને મિલ્યો આને નિછિંત થાયો.,happy,gu
માને [ghano] ક્રોધ આવે છે આ બેવકુફ આને નિર્દયી વા્યવહાર થી.,angry,gu
હું આજે [ghano] બેબાસ આને થાકેલી છું.,sad,gu
આજે મારો જીવન [aanandmay] લાગાય છે.,happy,gu
માને ડોક્તર ના ઉપછાર થી [ghano] ફાયદો મદ્યો.,happy,gu
આજે હું બિલ્કુલ થીક છું.,happy,gu
માને [ghano] ઘામ આને કાસ્ત છે.,sad,gu
આ portal થી માને ડોક્તર ને [sarasari] મિલ્વા મદદ [thai].,neutral,gu
માને [ghano] દુખ આને ઘામ છે.,sad,gu
માને [ghani] છિંતા છે મારો રોગ થીક નાથી થાતો.,sad,gu
મારો [agalo] check up [shukra] વાર છે.,neutral,gu
માને [ghano] દર લાગાય છે આ ભયનાક મુસિબત થી.,fear,gu
માને [ghano] સંકાત આને મુસિબત નું દર લાગાય છે.,fear,gu
માને [ghano] દરદ આને ઘામ છે.,sad,gu
ડોક્તર ને મારો blood pressure check કર્યો.,neutral,gu
મારો રોગ ગંભિર થાય છે તે થી હું [ghano] દરો છું.,fear,gu
માને ડોક્તર ને [bijo] appointment લેવા [kahyu].,neutral,gu
હું આજે [ghano] ઉદાસ છું.,sad,gu
આજે માને [ghano] સંતોશ છે.,happy,gu
માને blood test કર્વા [kahyu] છે આને result કાલ આવસે.,neutral,gu
માને મારો સ્વાસથ્ય ખરાબ થાય તે નું [ghano] ભય લાગાય છે.,fear,gu
માને [ghano] દુખ આને પીદા છે.,sad,gu
આ online સેવા મા appointment લેવા માતે register [karvu] પદે.,neutral,gu
મારો સાપનો તુત્યો ગાયો આને માને નિરાસા છે.,sad,gu
માને બિલ્કુલ સારો લાગ્યું.,happy,gu
હું આબહાર છું.,happy,gu
આ online સેવા મા માને ઘર બેથા <function j at 0x000001AC201436A0> ડોક્તર થી મદદ [mali].,neutral,gu
મારો [health] record આ portal [par] છે.,neutral,gu
મારો [agalo] appointment [budh] વાર છે.,neutral,gu
હું બિલ્કુલ [asahay] આને થાકેલી છું.,sad,gu
હું આજે બિલ્કુલ નિરાસ છું.,sad,gu
માને [ghani] તકલીફો છે [koi] સહાય નાથી કરતો.,sad,gu
હું ખુબ આનંદ મા છું.,happy,gu
માને આરોગ્ય [prati] વિસ્વાસ છે.,happy,gu
ડોક્તર ને માને રોજ yoga આને pranayam કર્વા [kahyu].,neutral,gu
આ સેવા થી ઘર બેથા <function j at 0x000001AC201436A0> ડોક્તર [ni] મદદ [male] છે.,neutral,gu
આજે માને [sari] તાસાલી થી.,happy,gu
હું બિલ્કુલ નિરાસ આને બેબાસ છું.,sad,gu
આજે માને [ghano] સંતોશ આને આનંદ છે.,happy,gu
આ [sevay] માને ખુબ [gusse] [apavyo].,angry,gu
ડોક્તર ના ગલાત જવાબ થી માને [ghano] [gusse] આવ્યો.,angry,gu
મારો દિલ [khushithi] ભરેલો છે.,happy,gu
હું આજે [ghano] ક્રોધ આને નારાજ છું.,angry,gu
મારો મન આનંદ થી ભરેલો છે.,happy,gu
માને [ghani] મુસ્કેલી આને તકલીફો છે.,sad,gu
હું આને મારો પરિવાર આનંદ મા છે.,happy,gu
માને [ghano] અંસંતોસા આને નારાજ છે.,angry,gu
આ online સેવા થી ઘર બેથા ડોક્તર થી [bat] કરી [shakay].,neutral,gu
હું આજે [ghano] ક્રોધી આને નારાજ છું.,angry,gu
આ દાવા [khadhya] પાછી પાની પિ લેવો.,neutral,gu
હું આજે [ghano] ક્રોધ આને અંસંતોસા મા છું.,angry,gu
મારો આરોગ્ય [sudharyo] છે આને હું ખુસી મા છું.,happy,gu
હું રોજ ડોક્તર ના સુજાવ પ્રમાને ખાધ્યું [khau] છું.,neutral,gu
તકલીફ ઓછી થાયી છે.,happy,gu
આજે મારો મન ખુબ હાલ્કું છે.,happy,gu
માને [ghano] સંતાપ આને કાસ્ત છે.,sad,gu
માને ખુબ સારો અનુભવ થાયો.,happy,gu
મારો રોગ થીક નાહી થાય તો માને [ghano] ભય આને છિંતા લાગાય છે.,fear,gu
ડોક્તર ને માને diet નું plan બતાવ્યું.,neutral,gu
માને આ portal થી [ghano] ફાયદો મદ્યો.,happy,gu
હું રોજ ડોક્તર ના નિર્દેશ પ્રમાને diet લું છું.,neutral,gu
મન શાંતિ આને પ્રાસન્ન છે.,happy,gu
માને [ghano] ક્રોધ આવે છે આ બિલ્કુલ ગલાત છે.,angry,gu
ડોક્તર ના જવાબ ને કારને મારો ઉપછાર બદ્લાયો.,neutral,gu
હું આજે ડોક્તર ને online appointment લી છે.,neutral,gu
માને ડોક્તર ને મિલ્વા થી નિછિંત થાયો.,happy,gu
દાવા [koi] કામ નાથી કરી થાયી.,sad,gu
ડોક્તર ને માને આવ્તા મહિને [fari] મિલ્વા [kahyu] છે.,neutral,gu
હું [ghano] છિંતિત આને ગાભ્રાયો છું.,fear,gu
હું આજે પુર્ન સ્વાસથા છું.,happy,gu
હું આજ બિલ્કુલ ઉદાસ છું.,sad,gu
આ ધોખો માને ક્રોધ [apave] છે.,angry,gu
માને આજ હોસ્પિતલ [javanu] છે.,neutral,gu
માને [sari] રાહત [madhi] છે.,happy,gu
માને આજ ડોક્તર ને મિલ્વા થી [ghani] તાસાલી થી.,happy,gu
મારો દિલ [rovi] રહ્યો છે માને [ghano] દુખ છે.,sad,gu
આ ધોખો થી માને [ghano] ક્રોધ આવ્યો.,angry,gu
માને આજે હોસ્પિતલ [javi] ને test [karaavyo].,neutral,gu
મારો રોગ ના કારને [ghano] સંતાપ થાય છે.,sad,gu
મારો જીવન મા દુખ આને વેદના છે.,sad,gu
મારો જીવન મા અંધારું આને દુખ છે.,sad,gu
મારો test result [ni] છિંતા આને દરો માને વ્યાકુલ કરે છે.,fear,gu
હું આજે [ghano] ક્રોધ મા છું.,angry,gu
આ બેવકુફ પં આને ધોખો માને ક્રોધ આને નારાજ કરે છે.,angry,gu
હું બિલ્કુલ નિરાસ આને દુખી છું.,sad,gu
ડોક્તર ના ઉપછાર થી [koi] ફાયદો નાથી.,sad,gu
માને [ghani] તકલીફ છે આને [koi] સહાય નાથી.,sad,gu
ડોક્તર ને માને time નાથી આપ્યો માને ક્રોધ આને [gusse] આવ્યો.,angry,gu
મારો પરિવાર મા [ghano] દુખ આને કાસ્ત છે.,sad,gu
આજ નાવો દિન છે આને મન ખુશ છે.,happy,gu
માને [ghano] ક્રોધ આવે છે.,angry,gu
હું આજે ખુબ આનંદ અનુભવ [karu] છું.,happy,gu
મારો blood pressure normal છે.,neutral,gu
આ અંન્યાય આને [dhokha] થી હું [ghano] આસાંત છું.,angry,gu
માને આ સેવા ઘનું ઉચિત લાગે છે.,happy,gu
આજે માને ડોક્તર ના ઉપછાર થી ખુબ આરામ મદ્યો.,happy,gu
માને test result ને [jova] ડોક્તર ને મિલ્વું પદ્સે.,neutral,gu
હું [ghano] વ્યાકુલ આને છિંતિત આને ગાભ્રાયો આને દરો છું.,fear,gu
માને ખુબ સારી સેવા [madhi] છે.,happy,gu
માને [ghano] અંસંતોસા આને ક્રોધ આવે છે.,angry,gu
દાવા કામ કરી ગાયી છે.,happy,gu
ડોક્તર [saheb] ને ઘનું ધાન્યાવાદ.,happy,gu
મારો જીવન મા ઘનું અંધારું આને દુખ છે.,sad,gu
હું આજ ખુબ દુખી છું.,sad,gu
માને [ghano] આઘાત આને ભય લાગાય છે.,fear,gu
ડોક્તર ને મારો દરદ સમજા્યો <function j at 0x000001AC201436A0> નાહી માને ક્રોધ આને નારાજ થાયો.,angry,gu
માને દહ્સાત લાગાય છે.,fear,gu
હું રોજ ડોક્તર ના નિર્દેશ પ્રમાને દાવા લું છું.,neutral,gu
હું આજે [ghano] નારાજ આને [gusse] મા છું.,angry,gu
મારો દાવા દો દિવાસ મા ખતામ થાય છે.,neutral,gu
હું બિલ્કુલ સારો છું.,happy,gu
આ દાવા તે પં જીવન પાછી લેવી.,neutral,gu
આ દાવા ખાલી પેત નાથી લેવી.,neutral,gu
માને [ghani] પીદા આને સંતાપ છે.,sad,gu
આજે ખુસી થી મારો દિન [sharu] થાયો.,happy,gu
ડોક્તર ને માને more information આપ્વી.,neutral,gu
હું ખુબ દુખી આને ઉદાસ છું.,sad,gu
આ અંન્યાય થી હું [ghano] નારાજ છું.,angry,gu
હું આજ ખુબ દુખી આને થાકેલી છું.,sad,gu
ડોક્તર ખુબ સારો છે.,happy,gu
મારો ભાવિષ્ય ગંભિર લાગાય છે માને ભય લાગાય છે.,fear,gu
આજે માને ઘનું આનંદ થાયો.,happy,gu
આ દાવા ગલાત આપ્વી છે માને [ghano] ક્રોધ આવ્યો.,angry,gu
આ સેવા થી માને બિલ્કુલ સંતોશ નાથી માને [gusse] આવ્યો.,angry,gu
આ બેવકુફ પં આને ગલાત કામ માને ક્રોધ [apave] છે.,angry,gu
આ સેવા થી ઘર બેથા ડોક્તર સાથે chat કરી [sakay].,neutral,gu
મારો જીવન આનંદ થી ભર્યો છે.,happy,gu
માને [ghano] ક્રોધ આને નારાજ છે.,angry,gu
હું આજ બિલ્કુલ દુખી આને નિરાસ છું.,sad,gu
મારો [aglaun] appointment સોમ વાર છે.,neutral,gu
આ દાવા [khadhya] પાછી એક કાલાક સુો [vo].,neutral,gu
માને [ghano] દરદ આને પીદા છે.,sad,gu
આ બેવકુફ પં માને નારાજ કરે છે.,angry,gu
હું બેબાસ આને એકલા છું.,sad,gu
માને [ghano] કાસ્ત આને દુખ થાય છે.,sad,gu
મારો જીવન મા ઘનું કાસ્ત આને અંધારું છે.,sad,gu
મારો બિમારી ના ઉપછાર [ni] છિંતા માને દરાવે આને વ્યાકુલ કરે છે.,fear,gu
માને [ghano] [gusse] આવે છે આ ગલાત આને નિર્દયી વા્યવહાર થી.,angry,gu
માને ખુશ [rehvanu] [karan] [madyu] છે.,happy,gu
આજે હું ખુબ આનંદ અનુભવ છું.,happy,gu
હું [ghano] ક્રોધી આને આસાંત છું.,angry,gu
આ ગલાત આને અંન્યાય થી માને [ghano] ક્રોધ આવ્યો.,angry,gu
હું રોજ સાંજે [walk] માતે જાવું છું.,neutral,gu
માને [ghano] ત્રાસ આને દહ્સાત લાગાય છે.,fear,gu
માને મારો સ્વાસથ્ય [ni] [ghani] છિંતા છે.,fear,gu
માને [ghano] ક્રોધ આવે છે આ ગલાત આને [bekar] સેવા થી.,angry,gu
હું આજે [ghano] દરો આને ગાભ્રાયો આને વ્યાકુલ છું.,fear,gu
ડોક્તર ને [milya] પાછી મન હાલ્કું થાય છે.,happy,gu
ડોક્તર ને મારો રોગ સમજા્યો <function j at 0x000001AC201436A0> નાહી.,angry,gu
મારો operation આગાલા [varse] થાય છે.,neutral,gu
હું રોજ ડોક્તર ના સુજાવ પ્રમાને કસ્રત [karu] છું.,neutral,gu
માને [ghani] મુસ્કેલી આને કાસ્ત છે.,sad,gu
હું આ સેવા થી [ghano] ખુશ છું.,happy,gu
માને હોસ્પિતલ [jata] પહેલા blood test કરાવ્યો.,neutral,gu
આજે મારો જીવન સુંદર આને [aanandmay] છે.,happy,gu
ડોક્તર ને મારો x-ray [joyyu].,neutral,gu
માને મારો જીવન [ni] છિંતા આને રોગ [ni] ભીતી લાગાય છે.,fear,gu
માને દિન મા તિન વાર દાવા લેવી પદે છે.,neutral,gu
મારો દિલ બિલ્કુલ [todayelu] લાગાય છે.,sad,gu
મારો સવારો [nava] વાગે [the] રોગ નું check up છે.,neutral,gu
માને હોસ્પિતલ [jatay] પહેલા ખાધ્યું લેવી લિયા.,neutral,gu
હું રોજ [sakare] ચાલ [va] જાવું છું.,neutral,gu
હું [ghano] ગાભ્રાયો છું.,fear,gu
ડોક્તર ના જવાબ થી માને [gusse] આવ્યો.,angry,gu
આ ઉપછાર થી ઘનું ફાયદો થાયો.,happy,gu
આ portal [par] મારો check up report [javi] [shakay] છે.,neutral,gu
મારો પરિવાર મા [ghano] ઘામ છે.,sad,gu
હું ખુબ દુખી આને [asahay] છું.,sad,gu
આ online સેવા થી માને ઘર બેથા report જમા કરી સકાયો.,neutral,gu
માને [ghano] દરદ આને તકલીફ છે.,sad,gu
માને [ghano] [gusse] આવે છે આ અંન્યાય આને નિર્દયી પં થી.,angry,gu
માને ખુબ સારી સેવા [madhi] આને માને આનંદ છે.,happy,gu
માને [ghani] વેદના આને પીદા થાય છે.,sad,gu
મારો ભાવિષ્ય આને જીવન [ni] છિંતા આને ખત્રો માને દરાવે આને ગાભરા્યો છે.,fear,gu
મારો સાપનો તુત્યો ગાયો છે માને દુખ છે.,sad,gu
ડોક્તર ને બતાવ્યું કે દાવા તિન [varas] લેવી પદ્સે.,neutral,gu
માને આ બિમારી થી [ghani] તકલીફ છે.,sad,gu
માને [ghano] તાનાવ આને છિંતા છે.,sad,gu
હું [ghano] નારાજ આને આસાંત છું.,angry,gu
માને [ghano] નિરાસા આને ઘામ છે.,sad,gu
માને blood test result કાલ આવસે આને ડોક્તર ને મોકલાવો પદ્સે.,neutral,gu
હું [ghano] આસાંત આને નારાજ છું.,angry,gu
હું આજે [ghano] થાકેલી આને બેબાસ છું.,sad,gu
આ અંન્યાય આને ગલાત વા્યવહાર આને [dhokha] થી હું [ghano] ક્રોધી છું.,angry,gu
આ અંન્યાય આને નિર્દયી પં માને ક્રોધ [apave] છે.,angry,gu
મારો test result ખરાબ આવે તે નું માને [ghano] દરો લાગાય છે.,fear,gu
હું બિલ્કુલ નિરાસ આને [asahay] છું.,sad,gu
મારો રોગ વધુ ગંભિર થાય તે નું દર માને ગાભરા્યો છે.,fear,gu
મારો દિલ [ghano] રોવું મન થાય છે.,sad,gu
ડોક્તર ને મારો report જો્યા આને [nava] test [karava] [kahyu].,neutral,gu
માને [ghano] દરદ થાય છે [koi] સહાય નાથી.,sad,gu
હું દરદનાક અનુભવ [karu] છું.,sad,gu
ડોક્તર ને [kahyu] કે operation [jaruri] છે માને [ghano] દરો આને ગાભ્રાયો [thu].,fear,gu
માને આજે ડોક્તર ને online મિલ્યો આને ઉપછાર [ni] માહિતી લિડી.,neutral,gu
મારો ભાવિષ્ય [ni] છિંતા માને દરાવે છે.,fear,gu
હું આજ [ghano] મજ્બુર છું.,sad,gu
મારો જીવન મા ઘનું દુખ છે આને હું થાકેલી છું.,sad,gu
માને સુખ આને આનંદ [anubhvay] છે.,happy,gu
મારો blood test કાલ થાય છે.,neutral,gu
મારો check up આને report ડોક્તર ને મોકલાયા છે.,neutral,gu
આ ગલાત વા્યવહાર આને અંન્યાય માને નારાજ કરે છે.,angry,gu
મારો weight પિચ્ચલે [mahi] ને થી વાગ્યો છે.,neutral,gu
માને [ghano] ભય આને દર લાગાય છે.,fear,gu
માને ખુસી છે ડોક્તર ને ધાન્યાવાદ.,happy,gu
માને [ghano] દરદ આને પીદા થાય છે.,sad,gu
માને [ghano] [gusse] આવે છે આ ગલાત પં થી.,angry,gu
આ દાવા [roj] રાત [re] લેવી.,neutral,gu
મારો સ્વાસથ્ય સુધારી રહ્યો છે.,happy,gu
હું આજે [ghano] થાકેલો છું.,sad,gu
માને દિન મા ચાર વાર દાવા લેવી પદે.,neutral,gu
હું ડોક્તર ના સુજાવ પ્રમાને રોજ yoga [karu] છું.,neutral,gu
ડોક્તર ના લાપરવાહી આને નિર્દયી વા્યવહાર થી માને ક્રોધ આને નારાજ થાયો.,angry,gu
હું ડોક્તર ના સુજાવ પ્રમાને દાવા લું છું.,neutral,gu
હું આજ ખુબ ઉદાસ આને દુખી છું.,sad,gu
મારો રોગ જાલ્દી થીક થાય છે.,happy,gu
મારો દિલ [ghano] દુખી આને [rovi] રહ્યો છે.,sad,gu
માને [ghano] સંતાપ આને દુખ છે.,sad,gu
માને આ સેવા થી [ghano] [gusse] આવ્યો છે.,angry,gu
હું આજે [ghano] આસાંત છું.,angry,gu
હું આજે [ghano] આસાંત આને ક્રોધ મા છું.,angry,gu
માને [ghano] નારાજ આને ક્રોધ આવે છે આ અંન્યાય થી.,angry,gu
આ ધોખો આને અંન્યાય માને ક્રોધ [apave] છે.,angry,gu
result સારો આવ્યો છે.,happy,gu
મારો સંકાત આને મુસિબત આને ખત્રો [ni] છિંતા માને ગાભરા્યો છે.,fear,gu
આ દાવા તિન મહિના લેવી પદ્સે.,neutral,gu
હું બિલ્કુલ નિરાસ થાયો છું.,sad,gu
માને [ghano] [gusse] આવ્યો છે.,angry,gu
હું આજ ખુબ દુખી આને ઉદાસ છું.,sad,gu
મારો દિલ [ghano] ઉદાસ આને [rovi] રહ્યો છે.,sad,gu
માને [ghano] કાસ્ત આને નિરાસા થાય છે.,sad,gu
માને [ghano] દુખ આને કાસ્ત છે [koi] મદદ નાથી.,sad,gu
આજે માને ખુબ સારો લાગ્યું.,happy,gu
મારો ભાવિષ્ય આને જીવન આને પરિવાર [ni] છિંતા આને સંકાત માને દરાવે આને ગાભરા્યો છે.,fear,gu
ડોક્તર ને માને બિલ્કુલ [dhyan] નાથી [aapyu].,angry,gu
હું બિલ્કુલ દુખી આને થાકેલી છું.,sad,gu
મારો દિલ આનંદ આને શાંતિ થી ભરેલો છે.,happy,gu
માને આ online સેવા થી [ghano] ફાયદો થાયો.,happy,gu
ડોક્તર ના જવાબ થી તાનાવ ઓછી થાયો.,happy,gu
આ ધોખો આને ગલાત આને અંન્યાય થી માને [ghano] [gusse] આવ્યો.,angry,gu
મારો દિલ રોવું મન થાય છે.,sad,gu
હું બિલ્કુલ થાકેલી આને દુખી છું.,sad,gu
માને [sari] તકલીફ ઓછી થાયી છે.,happy,gu
સારી સેવા માતે આબહાર છું.,happy,gu
આ online સેવા [ghano] ખરાબ આને [bekar] આને નાલાિક છે માને ક્રોધ આવે છે.,angry,gu
માને [ghani] તકલીફો આને ઘામ છે.,sad,gu
આ દાવા બિલ્કુલ ગલાત છે.,angry,gu
માને [ghano] ત્રાસ આને દહ્સાત આને ભય આને દર લાગાય છે.,fear,gu
મારો જીવન મા દુખ આને ઘામ છે.,sad,gu
માને [ghano] ક્રોધ આવે છે આ ગલાત આને [dhokha] પં થી.,angry,gu
માને ડોક્તર ના [javab] થી સારી રાહત [madhi].,happy,gu
હું આજે [ghano] દરો આને છિંતિત આને ગાભ્રાયો છું.,fear,gu
મારો પરિવાર સ્વાસથા આને [aanandmay] છે.,happy,gu
માને [ghani] [udaasi] લાગાય છે.,sad,gu
મારો આરોગ્ય સુધારો થાયો છે.,happy,gu
માને [ghano] ભય લાગાય છે મારો સ્વાસથ્ય થી.,fear,gu
ડોક્તર ના ગંભિર જવાબ થી માને દરાયો થાયો.,fear,gu
હું [ghano] આસાંત આને ક્રોધી આને નારાજ છું.,angry,gu
માને [ghano] નારાજ આને અંસંતોસા છે.,angry,gu
માને [ghani] મુસ્કેલી આને વેદના છે.,sad,gu
આ online સેવા મા ડોક્તર ને message કરી [shakay].,neutral,gu
માને [ghani] મુસ્કેલી આને પીદા છે.,sad,gu
હું આજે [ghano] આસાંત આને [gusse] મા છું.,angry,gu
મારો જીવન મા ઘનું કાસ્ત છે.,sad,gu
હું [ghano] નારાજ છું.,angry,gu
આ online portal બિલ્કુલ [bekar] છે.,angry,gu
માને [ghano] ક્રોધ આને અંસંતોસા છે.,angry,gu
ડોક્તર ના જવાબ થી માને [ghano] આઘાત લાગ્યો.,fear,gu
માને [ghano] ફાયદો થાયો આ સેવા થી.,happy,gu
ડોક્તર ને મારો report [joyyu] આને રોગ નું નામ બતાવ્યું.,neutral,gu
માને [ghano] ત્રાસ આને ભય લાગાય છે.,fear,gu
મારો દરદ ઓછી થાયો છે.,happy,gu
ડોક્તર ના વા્યવહાર થી માને [ghano] અંસંતોસા આને ક્રોધ છે.,angry,gu
માને [ghani] તકલીફો આને સંતાપ છે.,sad,gu
માને [aarogyamay] જીવન માતે આનંદ છે.,happy,gu
માને [ghano] ક્રોધ આવે છે ડોક્તર ના નિર્દયી વા્યવહાર થી.,angry,gu
માને operation [ni] [ghani] છિંતા આને દરો છે.,fear,gu
માને ડોક્તર ને મિલ્વા થી [ghani] રાહત થી.,happy,gu
જીવન ખુબ સુંદર લાગે છે.,happy,gu
હું આજે [ghano] વ્યાકુલ છું.,fear,gu
મારો રોગ ના લાક્ષન [aath] દિવાસ થી છે.,neutral,gu
માને [ghano] [gusse] આને નારાજ છે.,angry,gu
આ ગલાત છે આને માને [gusse] આવ્યો.,angry,gu
માને [ghano] ક્રોધ આવે છે આ અંન્યાય આને ગલાત વા્યવહાર થી.,angry,gu
માને [ghano] સંતાપ આને વેદના છે.,sad,gu
મારો આરોગ્ય મા સુધારો આવ્યો છે.,happy,gu
માને [ghano] અંસંતોસા છે આ સેવા થી.,angry,gu
માને આ સેવા ખુબ સારી લાગી.,happy,gu
માને [ghano] સંતાપ છે.,sad,gu
મારો સ્વાસથ્ય record ડોક્તર ને મોકલે પદ્યો.,neutral,gu
મારો જીવન મા નિરાસા આને દુખ છે.,sad,gu
આ સેવા ખુબ ઉત્તમ છે.,happy,gu
માને મારો સ્વાસથ્ય ગંભિર સંકાત મા [avy] તે નું દરો લાગાય છે.,fear,gu
હું મારો પરિવાર સાથે સુખી છું.,happy,gu
હું આજે [ghano] દુખી આને [asahay] છું.,sad,gu
મારો પરિવાર મા [ghano] દુખ છે.,sad,gu
ડોક્તર ના જવાબ થી માને [ghano] વ્યાકુલ આને ગાભ્રાયો થાયો.,fear,gu
હું આને મારો પરિવાર આનંદ મા [rehvay] છે.,happy,gu
હું ડોક્તર ના સુજાવ પ્રમાને રોજ કસ્રત આને yoga [karu] છું.,neutral,gu
આરોગ્ય મા ખુબ સુધાર આવ્યો છે.,happy,gu
મારો દરદ દિવાસ દિવાસ વધે છે.,sad,gu
મારો રોગ ના કારને [ghano] દુખ થાય છે.,sad,gu
માને જીવન મા [ghano] દુખ મદ્યો છે.,sad,gu
આ online સેવા મા ડોક્તર સાથે video call કરી [sakay].,neutral,gu
મારો મન આનંદ આને શાંતિ થી ભરેલો છે.,happy,gu
મારો operation પાછી નું [checkup] સોમ વાર છે.,neutral,gu
માને [ghano] ક્રોધ આવે છે આ [dhokha] થી.,angry,gu
માને આજે online appointment લી આને report મોકલી.,neutral,gu
મારો દિલ [ghano] ભારેલો લાગાય છે.,sad,gu
આજે ઘનું આનંદ છે.,happy,gu
ડોક્તર ને [kahyu] કે સંકાત ગંભિર છે માને દહ્સાત લાગી.,fear,gu
આજે મારો test result બિલ્કુલ સારો છે.,happy,gu
મારો દરદ બિલ્કુલ ઓછી થાયો.,happy,gu
હું [ghano] ભય આને ત્રાસ આને દરો આને થરથરયો છું.,fear,gu
હું ખુબ ઉદાસ આને દુખી છું.,sad,gu
માને રોજ સકાલ આને સાંજે દાવા લેવી પદે.,neutral,gu
માને [ghano] ત્રાસ આને ભય આને દહ્સાત લાગાય છે.,fear,gu
હું આજે [ghano] [asahay] આને દુખી છું.,sad,gu
હું હારી ગાયી આને નિરાસ છું.,sad,gu
આ online સેવા [ghano] ખરાબ છે માને ક્રોધ આવે છે.,angry,gu
માને સારી સેવા આને ઉપછાર [madvo] છે.,happy,gu
હું હારી ગાયી છું [koi] મદદ નાથી.,sad,gu
હું ખુબ [prasann] છું.,happy,gu
મારો પરિવાર મા [ghano] દુખ આને સંતાપ છે.,sad,gu
હું આજે online appointment લી આને ડોક્તર સાથે વાત કરી.,neutral,gu
મારો રોગ થીક નાહી થાય તો માને [ghano] દરો લાગાય છે.,fear,gu
આ અંન્યાય આને ગલાત કામ થી હું [ghano] નારાજ છું.,angry,gu
આ બેવકુફ વા્યવહાર આને અંન્યાય માને નારાજ આને ક્રોધ [apave] છે.,angry,gu
માને ઘનું ખરાબ લાગાય છે.,sad,gu
માને online ડોક્તર સેવા ઘનું પસંદ છે.,happy,gu
હું આજ બિલ્કુલ ઉદાસ આને [asahay] છું.,sad,gu
હું આજ ખુબ દુખી આને બેબાસ છું.,sad,gu
માને [ghano] નારાજ આને [gusse] છે.,angry,gu
ડોક્તર ને માને રોજ exercise કર્વા સુજાવ [apyu].,neutral,gu
માને blood test આને x-ray [karvi] પદ્સે.,neutral,gu
આ દાવા રાત્રે સુો [ya] પહેલા લેવી.,neutral,gu
મારો જીવન મા ઘનું ઘામ આને અંધારું છે.,sad,gu
મારો જીવન મા નિરાસા આને કાસ્ત છે.,sad,gu
માને [ghano] વેદના આને દરદ છે.,sad,gu
આજે માને ખુબ સુખ [anubhvay] છે.,happy,gu
મારો દિલ [ghano] ઉદાસ છે.,sad,gu
મારો દિલ [ghano] દુખી લાગાય છે.,sad,gu
હું ખુબ થાકેલી આને હારી ગાયી છું.,sad,gu
હું આજે [ghano] નિરાસ આને બેબાસ છું.,sad,gu
માને સારો report મદ્યો છે હું ખુબ ખુસી છું.,happy,gu
આજે મારો આરોગ્ય બિલ્કુલ થીક છે.,happy,gu
મારો પરિવાર [ghano] પરેસાન છે.,sad,gu
મારો રોગ ના લાક્ષન ઉપછાર થી [ghata] છે.,neutral,gu
મારો દિન ઘનું સારો બિલ્કુલ.,happy,gu
મારો મન આનંદ થી ભરાયેલું છે.,happy,gu
મારો રોગ વધુ વધ્યો છે.,sad,gu
મારો તકલીફ બિલ્કુલ ઓછી થાયી છે.,happy,gu
ડોક્તર ને માને check up માતે [bulavyu] છે.,neutral,gu
મારો દિલ [rovi] રહ્યો છે.,sad,gu
મારો [checkup] report સારું છે.,neutral,gu
માને [ghano] સંતાપ આને નિરાસા છે.,sad,gu
માને આ online ડોક્તર સેવા ઘનું પસંદ છે.,happy,gu
મારો weight check up report normal છે.,neutral,gu
માને [ghano] રોગ ગંભિર થાય છે તે [ni] છિંતા આને દર લાગાય છે.,fear,gu
મારો સાપનો તુત્યો [gaya] આને હું બેબાસ છું.,sad,gu
માને [ghani] પીદા આને વેદના છે.,sad,gu
નાવો દિન આનંદ [layo].,happy,gu
માને [ghano] નારાજ આને ક્રોધ છે.,angry,gu
ડોક્તર ને મારો case સરાખ્યો <function j at 0x000001AC201436A0> નાહી માને ક્રોધ આવ્યો.,angry,gu
માને બિલ્કુલ પસંદ નાથી.,angry,gu
હું આજે રોવું મન થાય છે.,sad,gu
હું બિલ્કુલ બેબાસ આને [asahay] છું.,sad,gu
માને [ghano] સંકાત મા [hovu] નું દર લાગાય છે.,fear,gu
હું આજે [ghano] નારાજ આને આસાંત આને ક્રોધ મા છું.,angry,gu
મારો next appointment આગાલતા ગુરુવાર છે.,neutral,gu
માને blood test [karvi] આને ડોક્તર ને result મોકલાવો પદ્સે.,neutral,gu
માને હોસ્પિતલ [javu] નું [ghano] દરો લાગાય છે.,fear,gu
માને ડોક્તર ના સલાહ થી [ghano] ફાયદો થાયો.,happy,gu
ડોક્તર ને માને રોગ ના લાક્ષન [batvya].,neutral,gu
મારો દાવા નું course [pura] થાયો છે.,neutral,gu
હું ખુબ દુખી આને બેબાસ છું.,sad,gu
મારો report કાલ આવસે.,neutral,gu
માને ડોક્તર ના ઉપછાર થી [ghani] રાહત [madhi].,happy,gu
હું આજે [ghano] બેબાસ આને મજ્બુર છું.,sad,gu
માને [ghani] પીદા આને દરદ છે.,sad,gu
માને સારો પરિનામ મદ્યો છે.,happy,gu
આજે પરિવાર સાથે [ghano] આનંદ મદ્યો.,happy,gu
હું હારી ગાયી છું.,sad,gu
ડોક્તર ને મારો report [joyyu] આને દાવા [badlaya].,neutral,gu
માને [ghano] ક્રોધ આવે છે આ નાલાિક સેવા થી.,angry,gu
મારો આરોગ્ય ખુબ સારો છે.,happy,gu
માને [ghani] પીદા આને વેદના થાય છે.,sad,gu
માને [koi] મદદ નાથી કરતો.,sad,gu
માને આ સેવા થી [ghano] ફાયદો થાયો.,happy,gu
માને [ghano] સંતાપ આને ઘામ છે.,sad,gu
આ online સેવા થી માને ઘર બેથા [consultation] મદી.,neutral,gu
હું [ghano] [gusse] આને નારાજ આને ક્રોધી છું.,angry,gu
મારો report આવ્યો છે ડોક્તર ને મોકલે પદ્સે.,neutral,gu
માને ડોક્તર ને મિલ્વા નાથી મદ્તું હું બેબાસ છું.,sad,gu
આ ગલાત [kam] આને નિર્દયી પં માને ક્રોધ [apave] છે.,angry,gu
માને [ghano] [gusse] આને ક્રોધ આને નારાજ છે.,angry,gu
હું [ghano] ગાભ્રાયો આને છિંતિત છું.,fear,gu
આજે માને [ghano] ખુશ અનુભવ આવ્યો.,happy,gu
મારો પરિવાર મા [ghano] ઘામ આને કાસ્ત છે.,sad,gu
હું [ghano] વ્યાકુલ આને દરો છું.,fear,gu
મારો જીવન [aanandmay] લાગાય છે.,happy,gu
મારો પરિવાર સ્વાસથા છે આને હું ખુશ છું.,happy,gu
હું આજ બિલ્કુલ દુખી આને [asahay] છું.,sad,gu
મારો આગાલો appointment next સોમ વાર છે.,neutral,gu
આજે માને ડોક્તર ના ઉપછાર થી સારી રાહત [madhi].,happy,gu
હું [ghano] નારાજ આને [gusse] મા છું.,angry,gu
હું આજ પુરી તારહ સ્વાસથા છું.,happy,gu
હું રોજ સાંજે ચાલ [va] જાવું છું તે ડોક્તર નું સુજાવ છે.,neutral,gu
મારો report કાલ [aavse] આને ડોક્તર ને [batavvu] પદ્સે.,neutral,gu
ડોક્તર ને મારો દરદ સમજા્યો <function j at 0x000001AC201436A0> નાહી.,angry,gu
ડોક્તર ને મારો report [jaeva] માતે result મોકલે પદ્સે.,neutral,gu
હું રોજ [sakaro] ડોક્તર ના નિર્દેશ પ્રમાને કસ્રત [karu] છું.,neutral,gu
હું ખુબ [aanandmay] છું.,happy,gu
માને તકલીફો થી [mukti] મદી છે.,happy,gu
હું મારો પરિવાર સાથે આનંદ મા [rehvay] છું.,happy,gu
માને દાવા થી [koi] [rahat] નાથી [madti].,sad,gu
મન પ્રાસન્ન છે.,happy,gu
હું આજે [ghano] દુખી આને હારી ગાયી છું.,sad,gu
આ બિમારી ના લાક્ષન દિન દિવાસ [ghata] છે.,neutral,gu
માને તાસાલી થી છે મારો રોગ જાલ્દી સારો થાય છે.,happy,gu
માને [ghano] દર આને ભય આને છિંતા આને ત્રાસ લાગાય છે.,fear,gu
માને [ghano] ઘામ આને વેદના છે.,sad,gu
હું [ghano] થરથરયો છું ભય થી.,fear,gu
આ દાવા દિન મા તિન વાર લેવી પદે.,neutral,gu
આજ માને [ghani] ખુસી છે.,happy,gu
હું આજે [ghano] થાકેલી આને ઉદાસ છું.,sad,gu
માને [ghani] પીદા છે [koi] સહાય નાથી કરતો.,sad,gu
આ online portal માને [gusse] [apave] છે.,angry,gu
આજે માને ખુબ આનંદ છે.,happy,gu
હું બિલ્કુલ [asahay] આને નિરાસ છું.,sad,gu
માને ડોક્તર ના [vat] થી [ghano] સંતોશ મદ્યો.,happy,gu
હું બિલ્કુલ થીક છું આને માને ખુસી છે.,happy,gu
માને [ghani] વેદના આને નિરાસા થાય છે.,sad,gu
હું બિલ્કુલ થાકેલી આને [asahay] છું.,sad,gu
હું આજે ખુસી થી [bharayelo] છું.,happy,gu
માને [ghano] ભય આને છિંતા લાગાય છે.,fear,gu
આ online ઉપછાર બિલ્કુલ ગલાત છે માને નારાજ કરે છે.,angry,gu
માને [ghani] મુસ્કેલી છે.,sad,gu
ડોક્તર ના ઉપછાર થી [ghano] ફાયદો થાયો.,happy,gu
ડોક્તર ને મારો રોગ [jova] માતે test [karava] [kahyu].,neutral,gu
મારો operation આગાલતા મહિને મા થાય છે.,neutral,gu
માને ખુબ દરદ થાય છે.,sad,gu
મારો રોગ જાલ્દી થીક થાય છે માને આનંદ છે.,happy,gu
હું દિન મા ચાર વાર દાવા લું છું.,neutral,gu
માને ખુબ સારી અનુભવ થાયો.,happy,gu
હું આજે [ghano] દરો છું.,fear,gu
આ બેવકુફ પં માને ક્રોધ આને [gusse] [apave] છે.,angry,gu
મારો રોગ ના કારને [ghani] મુસ્કેલી છે.,sad,gu
ડોક્તર ના ઉપછાર બિલ્કુલ ઉચિત છે.,happy,gu
માને [ghani] મુસ્કેલી આને દુખ છે.,sad,gu
માને [ghani] તકલીફો આને મુસ્કેલી છે.,sad,gu
માને [ghano] અંસંતોસા આને ક્રોધ આને [gusse] છે.,angry,gu
result normal આવ્યો માને ખુસી થાયી.,happy,gu
હું [ghano] ક્રોધ આને આસાંત છું.,angry,gu
માને [ghano] ક્રોધ છે આ અંન્યાય આને [dhokha] થી.,angry,gu
આજે ઘનું સારો દિન છે.,happy,gu
હું થાકેલી આને હારી ગાયી છું.,sad,gu
આજે મારો test સારો આવ્યો છે.,happy,gu
ડોક્તર ને મારો રોગ [jova] માતે report આપ્વું પદ્સે.,neutral,gu
મારો રોગ થી [mukti] મદી છે.,happy,gu
મારો જીવન મા ઘનું દુખ આને ઘામ છે.,sad,gu
આ online સેવા મા ડોક્તર ને chat આને video call કરી [shakay].,neutral,gu
મારો રોગ ના કારને [ghano] ઘામ આને કાસ્ત છે.,sad,gu
આ portal બિલ્કુલ [bekar] છે માને [gusse] આવ્યો છે.,angry,gu
માને સારો અનુભવ થાયો છે.,happy,gu
મારો દાવા નું course [pura] તિન મહિના ચાલે છે.,neutral,gu
મારો operation નું વિચાર કર્વા થી હું [ghano] ગાભ્રાયો છું.,fear,gu
ડોક્તર ના મદદ થી માને [ghano] ફાયદો થાયો.,happy,gu
મારો ભાવિષ્ય [ni] છિંતા માને દરાવે આને ગાભરા્યો છે.,fear,gu
આ અંન્યાય થી હું [ghano] [gusse] મા છું.,angry,gu
હું બિલ્કુલ થીક છું.,happy,gu
ડોક્તર ને માને પુચ્ચ [yu] કે કેતલા વર્સ થી આ રોગ છે.,neutral,gu
માને [ghano] નારાજ આને ક્રોધ આવે છે.,angry,gu
હું આજે [ghano] નિરાસ આને ઉદાસ છું.,sad,gu
આ portal [par] ડોક્તર ને online message આને report મોકલી [sakay].,neutral,gu
આજે હું બિલ્કુલ બિલ્કુલ ખુશ છું.,happy,gu
હું આજ બિલ્કુલ નિરાસ આને દુખી છું.,sad,gu
માને આનંદ છે મારો રોગ થીક થાય છે.,happy,gu
હું આજ બિલ્કુલ નિરાસ આને બેબાસ છું.,sad,gu
માને [ghani] પીદા આને નિરાસા છે.,sad,gu
ડોક્તર ને માને વધુ આરામ કર્વા આને તાનાવ [no] [upyog] [ghata] દો [kahyu].,neutral,gu
મારો બિમારી ગંભિર થાય છે માને દહ્સાત લાગાય છે.,fear,gu
માને આજે હોસ્પિતલ મા check up થાયો.,neutral,gu
આ ગલાત વા્યવહાર થી માને [gusse] આવ્યો.,angry,gu
માને [ghano] ક્રોધ આવે છે ડોક્તર ના લાપરવાહી થી.,angry,gu
હું નિરાસ થાયો છું.,sad,gu
માને [ghani] વેદના આને કાસ્ત થાય છે.,sad,gu
મારો દિલ [ghano] ઉદાસ આને દુખી લાગાય છે.,sad,gu
મારો રોગ ના લાક્ષન ઓછી થાયા છે.,happy,gu
મારો આગાલો check up [agla] સોમ વાર છે.,neutral,gu
માને [ghani] મુસ્કેલી આને સંતાપ છે.,sad,gu
મારો તાનાવ ઓછી થાયો આને મન શાંતિ [madhi].,happy,gu
Consultation સારી થાયી હું બિલ્કુલ નિછિંત છું.,happy,gu
આ ગલાત આને નિર્દયી વા્યવહાર માને ક્રોધ [apave] છે.,angry,gu
હું [ghano] આસાંત આને [gusse] મા છું.,angry,gu
મારો જીવન મા અંધારું આને નિરાસા છે.,sad,gu
મારો જીવન મા દુખ આને અંધારું છે.,sad,gu
મારો જીવન મા ઘનું દુખ આને સંતાપ છે.,sad,gu
મારો આરોગ્ય ખુબ સારો થાયો છે.,happy,gu
ડોક્તર ને મારો x-ray આને blood test જો્યા.,neutral,gu
હું હારી આને બેબાસ છું.,sad,gu
હું આજે [ghano] દરો આને થરથરયો આને છિંતિત આને ગાભ્રાયો છું.,fear,gu
માને [ghano] ક્રોધ આવે છે આ નિર્દયી આને ગલાત પં થી.,angry,gu
માને [ghano] સંકાત આને ખત્રો નું દર લાગાય છે.,fear,gu
માને [ghano] ઘામ આને સંતાપ છે.,sad,gu
મારો રોગ ના કારને [ghano] સંતાપ આને દુખ છે.,sad,gu
મારો સાપનો તુત્યો [gaya] આને હું [asahay] છું.,sad,gu
ડોક્તર ને માને પાની વધુ [piva] આને fruits [khava] [kahyu].,neutral,gu
હું હારી આને થાકેલી છું.,sad,gu
આજે માને બિલ્કુલ સારો [feel] થાય છે.,happy,gu
માને [ghano] અંસંતોસા આને [gusse] છે.,angry,gu
હું ખુબ [asahay] આને નિરાસ છું.,sad,gu
ડોક્તર ને માને આરામ કર્વા આને વધુ સુો [va] [kahyu].,neutral,gu
માને આજે blood pressure check [karavi] લિડો.,neutral,gu
હું આજે [ghano] ક્રોધ આને નારાજ આને આસાંત છું.,angry,gu
આ સેવા મા માને ડોક્તર સાથે વાત કરી સકાયો.,neutral,gu
માને [ghano] દુખ આને સંતાપ છે.,sad,gu
હું આજે બિલ્કુલ સ્વાસથા આને [aanandmay] છું.,happy,gu
આ ગલાત વા્યવહાર માને ક્રોધ [apave] છે.,angry,gu
માને [ghano] કાસ્ત આને મુસ્કેલી થાય છે.,sad,gu
માને ધાન્યાવાદ ધાન્યાવાદ ડોક્તર.,happy,gu
ડોક્તર ને માને રોગ ના લાક્ષન પુછ્યા.,neutral,gu
હું આજ બિલ્કુલ થીક છું.,happy,gu
માને [ghani] તકલીફો આને પીદા છે.,sad,gu
હું આજે [ghano] આસાંત આને નારાજ છું.,angry,gu
મારો રોગ જાલ્દી સારો થાય છે માને વિસ્વાસ છે.,happy,gu
મારો પરિવાર મા [ghano] દુખ આને નિરાસા છે.,sad,gu
માને [ghano] છિંતા આને ભય આને દર આને ત્રાસ આને આઘાત લાગાય છે.,fear,gu
હું આજ બિલ્કુલ દુખી આને થાકેલી છું.,sad,gu
મારો દિલ [ghano] દુખી આને [todayelu] લાગાય છે.,sad,gu
ડોક્તર ના જવાબ થી માને [ghano] આઘાત આને દરો લાગ્યો.,fear,gu
મારો દિલ બિલ્કુલ દુખી આને [todayelu] લાગાય છે.,sad,gu
આ અંન્યાય થી હું [ghano] ક્રોધ મા છું.,angry,gu
હું આજ બિલ્કુલ ખુસી મા છું.,happy,gu
મારો જીવન મા ઘનું કાસ્ત આને દુખ છે.,sad,gu
મારો જીવન મા દુખ આને કાસ્ત છે.,sad,gu
માને ડોક્તર ને મિલ્વા થી [ghano] સંતોશ થાયો.,happy,gu
માને ખુસી છે મારો આરોગ્ય [sudharyo] છે.,happy,gu
આ દાવા દિન મા ચાર વાર તે પં [khadhya] પાછી લેવી પદે.,neutral,gu
ડોક્તર [saheb] ને મિલ્વા થી મન હાલ્કું થાયો.,happy,gu
માને સારી સેવા મદ્વી છે.,happy,gu
હું [ghano] [gusse] આને નારાજ આને આસાંત આને ક્રોધ મા છું.,angry,gu
હું આજ બિલ્કુલ થાકેલી આને નિરાસ છું.,sad,gu
માને ડોક્તર ના જવાબ થી [ghano] દરો લાગ્યો.,fear,gu
આજે માને બિલ્કુલ સારો લાગે છે.,happy,gu
માને [ghano] કાસ્ત આને દુખ છે.,sad,gu
માને ડોક્તર સાથે વાત કરી ને સંતોશ મદ્યો.,happy,gu
મારો દરદ બિલ્કુલ ગાયો છે.,happy,gu
હું ખુસી થી ભર્યો છું.,happy,gu
માને [ghano] [gusse] આવ્યો છે આ [bekar] આને નાલાિક સેવા થી.,angry,gu
મારો દિલ [rovi] રહ્યો છે માને દુખ છે.,sad,gu
હું આજે [ghano] થાકેલી આને હારી ગાયી છું.,sad,gu
ડોક્તર ના સુજાવ સાહી છે માને ફાયદો થાયો.,happy,gu
માને [ghano] નારાજ છે આ ગલાત વા્યવહાર થી.,angry,gu
માને [ghano] ઘુસ્સા આવે છે.,angry,gu
માને [ghano] દરદ આને સંતાપ છે.,sad,gu
ડોક્તર ના જવાબ થી માને [ghani] રાહત થી.,happy,gu
મારો દિલ [ghano] દુખી આને ભારેલો લાગાય છે.,sad,gu
મારો રોગ ના કારને [ghano] દુખ આને કાસ્ત છે.,sad,gu
હું આજે ખુબ ખુસી છે.,happy,gu
માને આજે ડોક્તર ને મિલ્વું છે appointment છે.,neutral,gu
માને [ghani] તકલીફો આને નિરાસા છે.,sad,gu
મારો મન આનંદ થી ભર્યો છે.,happy,gu
હું ડોક્તર ના નિર્દેશ પ્રમાને દાવા લું છું આને exercise [karu] છું.,neutral,gu
આ અંન્યાય માને [ghano] [gusse] [apave] છે.,angry,gu
મારો પરિવાર આનંદ મા છે.,happy,gu
માને [ghano] ઘામ છે [koi] [samajtu] નાથી.,sad,gu
આ online portal [par] ડોક્તર સાથે chat કરી [shakay].,neutral,gu
મારો check up આગાલા મહિને છે.,neutral,gu
હું હારી ગાયી આને [asahay] છું.,sad,gu
મારો જીવન તુત્યો ગાયો લાગાય છે.,sad,gu
મારો આરોગ્ય ખુબ ઉત્તમ છે.,happy,gu
માને ડોક્તર સાથે વાત કરી સંતોશ મદ્યો.,happy,gu
માને [ghano] સંતાપ આને મુસ્કેલી છે.,sad,gu
માને ડોક્તર ના [javab] થી સારો [feel] થાયો.,happy,gu
માને [ghano] [gusse] આવે છે આ નિર્દયી પં થી.,angry,gu
માને [ghani] પીદા આને કાસ્ત છે.,sad,gu
આ દાવા refrig erator મા [rakhi] ને રાત્રે લેવી.,neutral,gu
મારો પરિવાર ખુબ ખુસી છે.,happy,gu
માને [ghano] દુખ આને મુસ્કેલી થાય છે.,sad,gu
માને સારી સેવા [madhi] છે આને માને આનંદ છે.,happy,gu
મારો રોગ ના કારને [ghano] કાસ્ત આને ઘામ છે.,sad,gu
મારો રોગ જાલ્દી થીક થાતો નાથી.,sad,gu
માને આ બિમારી થી [ghano] કાસ્ત છે.,sad,gu
ડોક્તર ને મિલ્યો આને મન હાલ્કું થાયો.,happy,gu
માને [ghani] વેદના આને દરદ થાય છે.,sad,gu
હું આજે રોવું નું મન છે.,sad,gu
માને આ online સેવા ને કારને [ghano] ફાયદો મદ્યો.,happy,gu
માને [ghani] વેદના આને ઘામ થાય છે.,sad,gu
મારો રોગ થીક થાયો છે.,happy,gu
માને [ghani] પીદા આને મુસ્કેલી છે.,sad,gu
માને આ સેવા થી [ghani] તાસાલી આને આનંદ મદ્યો.,happy,gu
માને ખુબ સંતોશ છે.,happy,gu
મારો રોગ ના કારને [ghano] દુખ છે.,sad,gu
આ દાવા દિન મા એક <function j at 0x000001AC201436A0> વાર લેવી પદે.,neutral,gu
હું આજે પુરી તારહ સ્વાસથા છું.,happy,gu
આજે મારો સ્વાસથ્ય બિલ્કુલ થીક છે માને આનંદ છે.,happy,gu
મારો સાપનો તુત્યો [gaya] આને હું દુખી આને નિરાસ છું.,sad,gu
માને [ghano] સંતાપ આને પીદા છે.,sad,gu
માને સારી સેવા આને ઉપછાર મદ્યો છે હું આબહાર છું.,happy,gu
મારો દિલ [ghano] ભારેલો આને દુખી લાગાય છે.,sad,gu
મારો જીવન મા નિરાસા આને પીદા છે.,sad,gu
માને [ghani] વેદના આને સંતાપ થાય છે.,sad,gu
મારો દિલ [ghano] ઘામ થી ભારેલો લાગાય છે.,sad,gu
હું દિન મા ખુબ પાની [pu] છું.,neutral,gu
મારો જીવન મા અંધારું આને કાસ્ત છે.,sad,gu
મારો સાપનો તુત્યો [gaya] આને હું થાકેલી છું.,sad,gu
માને [ghani] મુસ્કેલી આને નિરાસા છે.,sad,gu
હું આજે [ghano] નિરાસ આને થાકેલી છું.,sad,gu
મારો આરોગ્ય મા ખુબ સુધાર આવ્યો છે.,happy,gu
મારો result ડોક્તર ને મોકલે પદ્સે.,neutral,gu
મારો પરિવાર મા [ghano] કાસ્ત આને ઘામ છે.,sad,gu
મારો રોગ ના કારને [ghano] વેદના છે.,sad,gu
આજે માને બિલ્કુલ થીક લાગાય છે.,happy,gu
માને [ghani] તકલીફો આને કાસ્ત છે.,sad,gu
ડોક્તર ને માને કુચ સમય [badh] આરામ કર્વા [kahyu].,neutral,gu
મારો દિલ આનંદ થી ભરાયેલું છે.,happy,gu
માને [ghani] વેદના આને મુસ્કેલી થાય છે.,sad,gu
માને [ghano] કાસ્ત આને સંતાપ થાય છે.,sad,gu
હું આજ ખુબ [aanandmay] આને ખુસી મા છું.,happy,gu
હું આજ ખુબ આનંદ મા છું.,happy,gu
માને [ghano] દરદ આને નિરાસા છે.,sad,gu
આજે મારો પરિવાર આનંદ મા છે.,happy,gu
માને [ghano] દરદ આને મુસ્કેલી થાય છે.,sad,gu
હું ખુબ બેબાસ આને નિરાસ છું.,sad,gu
હું આજે [ghano] બેબાસ આને દુખી છું.,sad,gu
હું બિલ્કુલ [asahay] આને બેબાસ છું.,sad,gu
મારો સાપનો તુત્યો ગાયો આને હું દુખી છું.,sad,gu
મારો રોગ ઓછી થાયો છે આને માને આનંદ છે.,happy,gu
હું હારી ગાયી આને થાકેલી છું.,sad,gu
આજે મારો test result સારો છે.,happy,gu
મારો સ્વાસથ્ય દિન દિવાસ ખરાબ થાય છે.,sad,gu
મારો સ્વાસથ્ય બિલ્કુલ સારો લાગાય છે.,happy,gu
હું બિલ્કુલ નિરાસ આને હારી ગાયી છું.,sad,gu
માને [ghano] દરદ આને મુસ્કેલી છે.,sad,gu
હું આજ મારો પરિવાર સાથે ખુસી મા છું.,happy,gu
હું આજ ખુબ નિરાસ આને થાકેલી છું.,sad,gu
માને [ghani] પીદા આને કાસ્ત થાય છે.,sad,gu
હું આજે [ghano] દુખી આને થાકેલી છું.,sad,gu
આજે માને બિલ્કુલ આનંદ છે.,happy,gu
આજે માને [aanandno] અનુભવ થાય છે.,happy,gu
માને આજ ખુબ સુખ આને શાંતિ છે.,happy,gu
મારો રોગ ઓછી થાયો છે હું આનંદ મા છું.,happy,gu
હું આજે ખુબ પ્રાસન્ન છું.,happy,gu
હું આજ ખુબ થાકેલી આને દુખી છું.,sad,gu
હું બિલ્કુલ બેબાસ આને દુખી છું.,sad,gu
માને online સેવા થી [ghano] ફાયદો મદ્યો.,happy,gu
ડોક્તર ના મદદ થી માને જીવન સારું લાગાય છે.,happy,gu
માને [ghani] પીદા આને ઘામ થાય છે.,sad,gu
માને [ghano] આનંદ છે મારો દરદ ગાયો છે.,happy,gu
મારો પરિવાર [aanandmay] જીવન જીવ્યો બિલ્કુલ છે.,happy,gu
મારો દિલ [ghano] [rovi] રહ્યો છે માને દુખ છે.,sad,gu
માને [ghano] આનંદ આને સંતોશ છે.,happy,gu
હું ખુબ નિરાસ આને બેબાસ છું.,sad,gu
હું [ghano] થાકેલી આને બેબાસ છું.,sad,gu
આજે માને [aanandno] [ahsaas] થાય છે.,happy,gu
માને [ghani] મુસ્કેલી આને ઘામ છે.,sad,gu
મારો સાપનો તુત્યો ગાયો આને હું ઉદાસ છું.,sad,gu
મારો દિલ આનંદ આને ખુસી થી ભરેલો છે.,happy,gu
હું આજે [ghano] બેબાસ આને નિરાસ છું.,sad,gu
માને [ghano] ઘામ આને મુસ્કેલી છે.,sad,gu
હું બિલ્કુલ દુખી આને [asahay] છું.,sad,gu
મારો જીવન મા ઘનું અંધારું આને ઘામ છે.,sad,gu
મારો તકલીફ ઓછી થાયી છે હું ખુસી મા છું.,happy,gu
મારો જીવન મા ઘનું દુખ આને મુસ્કેલી છે.,sad,gu
ડોક્તર ને મિલ્યો આને માને નિછિંત થાયો.,happy,gu
આજે હું મારો પરિવાર સાથે [aanandmay] છું.,happy,gu
